DB,Query,DataSize,Time
MongoDB,FetchPosts,10K,0.27066469192504883
MongoDB,Aggregation,10K,0.6126172542572021
MongoDB,TopUsers,10K,0.08016777038574219
MongoDB,FriendCount,10K,0.12211251258850098
