DB,Query,DataSize,Time
Neo4j,FetchFriends,10K,0.4415717124938965
Neo4j,MutualFriends,10K,0.4285120964050293
Neo4j,FriendCount,10K,1.2180767059326172
