DB,Query,DataSize,Time
PostgreSQL,FetchPosts,10K,0.016351938247680664
PostgreSQL,Aggregation,10K,0.04331564903259277
PostgreSQL,Join,10K,0.05918145179748535
PostgreSQL,TopUsers,10K,0.012215137481689453
